time,avg,std
-1,60.98333333,1.207499712
0,57.6,1.922671752
6,66.46666667,3.614630763
24,81.35,1.894509611
48,86.56666667,1.374368542
96,82.21666667,1.604594099
